Claim,Source Name,Source URL,Verdict,Review Publication Date,Image URL,Tags
Maduro implica Obama em investigação de fraude eleitoral e tráfico de drogas,UOL Notícias,https://noticias.uol.com.br/confere/ultimas-noticias/2026/04/29/falso-maduro-obama-fraude-eleitoral.ghtm,Falso,2026-04-29 07:00:00,https://encrypted-tbn1.gstatic.com/images?q=tbn:ANd9GcS5BHa0hfEWoztI0TpIW40CC00Rj5_r6CBEiEV49GbJfE_uqgGr,"['Nicolás Maduro', 'Fraude eleitoral', 'Barack Obama', 'Eleição', 'Fraude', 'Narcotráfico', 'Droga', 'Pesquisa']"
Maduro implica Obama em investigação de fraude eleitoral e tráfico de drogas,Estadão,https://www.estadao.com.br/estadao-verifica/maduro-obama-fraude-eleitoral-falso/,Falso,2026-04-24 07:00:00,https://encrypted-tbn2.gstatic.com/images?q=tbn:ANd9GcS2FVxGXXZHpjoxi3xwvZgvkkmzXA63VUnAF2m8Qr-NW3HzCbRn,"['Nicolás Maduro', 'Fraude eleitoral', 'Barack Obama', 'Eleição', 'Fraude', 'Pesquisa', 'Narcotráfico', 'Droga']"
Depoimento de Mike Benz deixa claro que Brasil foi vítima de golpe de Estado,Estadão,https://www.estadao.com.br/estadao-verifica/mike-benz-nao-provou-fraude-eleicoes/,Falso,2026-02-05 08:00:00,https://encrypted-tbn1.gstatic.com/images?q=tbn:ANd9GcQdZvN2TocG-uY5TVqSOyRXytxyejY8oWCqojQmnqdQ_4ltymc1,"['Brasil', 'Vítima', 'Estado', 'Claro', 'Golpe de Estado']"
"Barroso pagou R$ 9 milhões a partidos para derrubar a PEC do Voto Impresso, comprou microchips de Taiwan com milhões de votos para Lula e destruiu cerca de 200 mil urnas que escondiam provas da fraude eleitoral de 2022",Aos Fatos,https://www.aosfatos.org/noticias/video-mentiras-atuacao-barroso-tse-alegar-fraude-em-2022/,falso,2025-08-11 07:00:00,https://encrypted-tbn0.gstatic.com/images?q=tbn:ANd9GcS_cIH6r_9H_m8HTmsB6XuCIlxl1U9qbR9SmXV9G4YICdFB88hS,"['Luís Roberto Barroso', 'Fraude', 'Fraude eleitoral', 'Votação', 'Eleição', 'Urna eleitoral', 'Luiz Inácio Lula da Silva', 'Comprovante de votação verificado pelo eleitor', 'Partido político']"
[Conclusão do inquérito do PSDB:] as urnas são inauditáveis. Não sou eu que disse isso.,Aos Fatos,https://www.aosfatos.org/noticias/apos-se-tornar-reu-bolsonaro-mente-sobre-8-de-janeiro-e-eleicoes/,falso,2025-03-26 07:00:00,https://encrypted-tbn1.gstatic.com/images?q=tbn:ANd9GcSrH4Zyltx2R39Zh9dyV6KCPdZpUEBLprY0UnXIljW-G6OAe4NO,"['Urna eleitoral', 'PSDB', 'Partido da Social Democracia Brasileira', 'Inquérito policial']"
"Eu não interferi no TSE, o outro lado interferiu.",Aos Fatos,https://www.aosfatos.org/noticias/apos-se-tornar-reu-bolsonaro-mente-sobre-8-de-janeiro-e-eleicoes/,falso,2025-03-26 07:00:00,https://encrypted-tbn1.gstatic.com/images?q=tbn:ANd9GcSrH4Zyltx2R39Zh9dyV6KCPdZpUEBLprY0UnXIljW-G6OAe4NO,['Tribunal Superior Eleitoral']
"Como é que ele chegou? 29 de julho de 21. (...) E dizendo que eu difundi fake news. Eu difundi o que tinha dentro do inquérito [1.361, de 2018]. Se é fake news, o inquérito é mentiroso.",Aos Fatos,https://www.aosfatos.org/noticias/apos-se-tornar-reu-bolsonaro-mente-sobre-8-de-janeiro-e-eleicoes/,falso,2025-03-26 07:00:00,https://encrypted-tbn1.gstatic.com/images?q=tbn:ANd9GcSrH4Zyltx2R39Zh9dyV6KCPdZpUEBLprY0UnXIljW-G6OAe4NO,"['Notícia', '2018', 'Notícia falsa', 'Julho', 'Mentira', 'Inquérito policial', '2021']"
Eu montei um ministério técnico.,Aos Fatos,https://www.aosfatos.org/noticias/apos-se-tornar-reu-bolsonaro-mente-sobre-8-de-janeiro-e-eleicoes/,falso,2025-03-26 07:00:00,https://encrypted-tbn1.gstatic.com/images?q=tbn:ANd9GcSrH4Zyltx2R39Zh9dyV6KCPdZpUEBLprY0UnXIljW-G6OAe4NO,['Ministério']
"O que que o Lula fez no final do ano passado? Teve aqui reunião do G20, [ele] assinou 37 memorandos e acordos com a China. Entre esses acordos, entregou o nosso urânio para a China.",Aos Fatos,https://www.aosfatos.org/noticias/apos-se-tornar-reu-bolsonaro-mente-sobre-8-de-janeiro-e-eleicoes/,falso,2025-03-26 07:00:00,https://encrypted-tbn1.gstatic.com/images?q=tbn:ANd9GcSrH4Zyltx2R39Zh9dyV6KCPdZpUEBLprY0UnXIljW-G6OAe4NO,"['Luiz Inácio Lula da Silva', 'Urânio', 'Reunião', 'G20', 'Memorando', '19.ª reunião de cúpula do G20', 'China']"
Não encontraram nenhuma arma aqui [no 8 de janeiro],Aos Fatos,https://www.aosfatos.org/noticias/apos-se-tornar-reu-bolsonaro-mente-sobre-8-de-janeiro-e-eleicoes/,falso,2025-03-26 07:00:00,https://encrypted-tbn1.gstatic.com/images?q=tbn:ANd9GcSrH4Zyltx2R39Zh9dyV6KCPdZpUEBLprY0UnXIljW-G6OAe4NO,"['Arma', 'Ataques de 8 de janeiro em Brasília', 'Janeiro']"
"Quando acabaram as últimas eleições, a última agora, em 2022, o meu partido peticionou no TSE. No dia seguinte, o ministro presidente do TSE, Alexandre de Moraes, não aceitou, mandou arquivar e nos deu uma multa de 22 milhões. Alguém já viu algum advogado ser multado aí, por peticionar o poder judiciário?",Aos Fatos,https://www.aosfatos.org/noticias/apos-se-tornar-reu-bolsonaro-mente-sobre-8-de-janeiro-e-eleicoes/,falso,2025-03-26 07:00:00,https://encrypted-tbn1.gstatic.com/images?q=tbn:ANd9GcSrH4Zyltx2R39Zh9dyV6KCPdZpUEBLprY0UnXIljW-G6OAe4NO,"['Eleição', 'Presidente', 'Tribunal Superior Eleitoral', 'Ministro', 'Partido político', 'Alexandre de Moraes', 'Poder judiciário', '2022']"
Eu não pude mostrar imagens do Lula falando que um pobre coitado rouba celular para tomar cervejinha.,Aos Fatos,https://www.aosfatos.org/noticias/apos-se-tornar-reu-bolsonaro-mente-sobre-8-de-janeiro-e-eleicoes/,não_é_bem_assim,2025-03-26 07:00:00,https://encrypted-tbn1.gstatic.com/images?q=tbn:ANd9GcSrH4Zyltx2R39Zh9dyV6KCPdZpUEBLprY0UnXIljW-G6OAe4NO,"['Luiz Inácio Lula da Silva', 'Imagem', 'Pobreza', 'Telefone celular']"
"O povo, em grande parte, teve arma, e diminuímos em quase 30% o número de mortes por arma de fogo no Brasil.",Aos Fatos,https://www.aosfatos.org/noticias/apos-se-tornar-reu-bolsonaro-mente-sobre-8-de-janeiro-e-eleicoes/,não_é_bem_assim,2025-03-26 07:00:00,https://encrypted-tbn1.gstatic.com/images?q=tbn:ANd9GcSrH4Zyltx2R39Zh9dyV6KCPdZpUEBLprY0UnXIljW-G6OAe4NO,"['O Povo', 'Número', 'Brasil', 'Arma', 'Arma de fogo', 'Morte', 'Fogo']"
"Fraude eleitoral: USAID pagou US$ 500 mil à empresa Smartmatic, que forneceu urnas eletrônicas ao Brasil em 2022",Estadão,https://www.estadao.com.br/estadao-verifica/usaid-500-mil-smartmatic-urnas-eleicoes-2022-falso/,Falso,2025-02-13 08:00:00,https://encrypted-tbn3.gstatic.com/images?q=tbn:ANd9GcS5PZZkDergL8ZdMm-22vO8kHxra8V_ATQioZJDelAHcDqp8kSq,"['Smartmatic', 'Agência dos Estados Unidos para o Desenvolvimento Internacional', 'Eleição', 'Brasil', 'Fraude eleitoral']"
"A Smartmatic, empresa acusada de fraude eleitoral que atuou nas eleições brasileiras de 2022, responsável pelas urnas eletrônicas e pela contagem dos votos, recebeu financiamento da USAID",Aos Fatos,https://www.aosfatos.org/noticias/falso-smartmatic-eleicoes-2022-brasil-dinheiro-usaid/,falso,2025-02-07 08:00:00,https://encrypted-tbn0.gstatic.com/images?q=tbn:ANd9GcRhtSvgWq0KD0lDra9iVuozCaPAq8VapOqQbtmxQqhg_RsZNf5D,"['Smartmatic', 'Eleição', 'Agência dos Estados Unidos para o Desenvolvimento Internacional', 'Fraude eleitoral', 'Votação']"
Descarte de 195 mil urnas eletrônicas é queima de arquivo,UOL Notícias,https://noticias.uol.com.br/confere/ultimas-noticias/2025/02/28/posts-distorcem-sobre-descarte-de-195-mil-urnas-pelo-tse.htm,Distorcido,2025-02-28 08:00:00,https://encrypted-tbn1.gstatic.com/images?q=tbn:ANd9GcSfYC-hU5KsYAiDiiO9vtn3_orxmwT6dfaD6Ecf3zgFuFyY0NJ3,"['Urna eleitoral', 'Urna eletrônica']"
Bolsonaro anuncia novas provas de que foi eleito no primeiro turno,AFP Checamos,https://checamos.afp.com/doc.afp.com.36V64YH,Falso,2025-01-21 08:00:00,https://encrypted-tbn1.gstatic.com/images?q=tbn:ANd9GcTm75IbFRisCU6uPNPwaw7pPdmgU5871XBJCNCW03vXwqFzzJaB,"['Jair Bolsonaro', 'Eleição', 'Prova']"
Vídeo mostra fraude eleitoral nos EUA na qual voto de Trump é transferido para Kamala,Aos Fatos,https://www.aosfatos.org/noticias/falso-voto-para-trump-foi-computado-kamala/,falso,2024-11-01 07:00:00,https://encrypted-tbn1.gstatic.com/images?q=tbn:ANd9GcR6VKOUnorZ_7xJhQPIo696jexmwgbUiQiLtpTVkseiAyatYczp,"['Kamala Harris', 'Donald Trump', 'Votação', 'Eleição', 'Estados Unidos', 'Fraude eleitoral', 'Fraude', 'Vídeo']"
Boulos cometeu crime eleitoral ao votar com a família,Projeto Comprova,https://projetocomprova.com.br/publica%C3%A7%C3%B5es/boulos-nao-cometeu-crime-eleitoral-ao-votar-com-a-familia-avaliam-especialistas/,"Contextualizando: Apesar de a Justiça Eleitoral orientar que o eleitor vote desacompanhado, especialistas apontam que o caso não é passível de punição.",2024-10-09 07:00:00,https://encrypted-tbn2.gstatic.com/images?q=tbn:ANd9GcQHIGjQlQbGWEtk62Gt6mOWVgsIPVvkF-jq5d6pE2UFl-TkdETp,"['Guilherme Boulos', 'Fraude eleitoral', 'Eleição']"
Guilherme Boulos fica na inelegibilidade e cometeu crime eleitoral por ter votado com a família,AFP Checamos,https://checamos.afp.com/doc.afp.com.36JR29U,Enganoso,2024-10-09 07:00:00,https://encrypted-tbn1.gstatic.com/images?q=tbn:ANd9GcQN2KG6A4FmcXWwqaj_jq8Ddepif7PlpOdz4bNVXid9uHco_9Xp,"['Guilherme Boulos', 'Inelegibilidade', 'Eleição', 'Fraude eleitoral']"
"Fraude eleitoral: trecho da transmissão da TV Record mostrou a apuração das urnas eletrônicas em São Paulo aumentou repentinamente de 3,92% para 98,14%",Estadão,https://www.estadao.com.br/estadao-verifica/apuracao-disparou-fraude-urnas-enganoso/,Enganoso,2024-10-07 07:00:00,https://encrypted-tbn1.gstatic.com/images?q=tbn:ANd9GcTQW5-3GJ8a_kXowJIGEk0S812NpmWWbKzwRpNGjzICEklO2-EQ,"['Fraude eleitoral', 'Urna eleitoral', 'Eleição', 'Fraude', 'Urna eletrônica', 'São Paulo', 'Record']"
Elon Musk denunciou fraude nas eleições de 2022 no Brasil,Estadão,https://www.estadao.com.br/estadao-verifica/elon-musk-nao-denunciou-fraude-nas-eleicoes-brasileiras-de-2022/,Falso,2024-10-17 07:00:00,https://encrypted-tbn3.gstatic.com/images?q=tbn:ANd9GcSzryOpEoX6_dcyIlD54i-lQ8-HPT8rY_URzYMol_RsL0n7rM0K,"['Elon Musk', 'Eleição', 'Brasil', 'Eleições presidenciais brasileiras, 2022', '2022', 'Fraude']"
"Fraude nas urnas: eleitor em Parauapebas, no Pará, foi votar e alguém já havia votado por ele",Estadão,https://www.estadao.com.br/estadao-verifica/eleitor-votou-no-lugar-de-outro-fraude-parauapebas-pa-enganoso/,Enganoso,2024-10-06 07:00:00,https://encrypted-tbn2.gstatic.com/images?q=tbn:ANd9GcSeUpD7BMWK63AWdtYBf-O8a087PjNgYgNIHZrTmHMgdQrN2W_J,"['Eleitor', 'Votação', 'Fraude nas urnas eletrônicas', 'Urna eleitoral', 'Parauapebas', 'Pará', 'Fraude']"
"Com 97,63% das urnas apuradas, Bolsonaro estava com 55,38% dos votos, enquanto Lula tinha somente 35,80%",Estadão,https://www.estadao.com.br/estadao-verifica/bolsonaro-55-lula-35-fraude-eleitoral-enganoso/,Enganoso,2024-10-05 07:00:00,https://encrypted-tbn1.gstatic.com/images?q=tbn:ANd9GcQ9w-VLrlKt84T1PJZwJpo1SrmowB9YrG7EH99cP7UjStN8WNHy,"['Jair Bolsonaro', 'Luiz Inácio Lula da Silva', 'Votação', 'Urna eleitoral', '1963', '1955']"
Conversa entre Alexandre de Moraes e engenheiro da Oracle confirma que houve fraude nas urnas,Estadão,https://www.estadao.com.br/estadao-verifica/alexandre-moraes-engenheiro-oracle-urnas-eletronicas/,Falso,2024-09-20 07:00:00,https://encrypted-tbn3.gstatic.com/images?q=tbn:ANd9GcTDbSYZxROIOH1z3po2epCCoumb5sX414NiufxDvZ2c8R0vCyrw,"['Alexandre de Moraes', 'Fraude nas urnas eletrônicas', 'Urna eleitoral', 'Oracle Corporation']"
"Trump alerta sobre lockdowns, fraude eleitoral e varíola dos macacos",AFP Checamos,https://checamos.afp.com/doc.afp.com.36EN9MM,Enganoso,2024-08-26 07:00:00,https://encrypted-tbn0.gstatic.com/images?q=tbn:ANd9GcRFZCQeKVFbEZgkvVx7UcjUy8q3Llh3Bfrxmq1fxD0btLQrufl6,"['Donald Trump', 'Fraude eleitoral', 'Eleição', 'Mpox', 'Fraude', 'Vírus da varíola', 'Confinamento', 'Macaco']"
Foto de centro de contagem de votos da Venezuela prova que houve fraude eleitoral,Observador,https://observador.pt/factchecks/fact-check-foto-de-centro-de-contagem-de-votos-prova-fraude-eleitoral/,Errado,2024-08-21 07:00:00,https://encrypted-tbn3.gstatic.com/images?q=tbn:ANd9GcSPoSTekUtgc_77fQoKLZVgRXrfRC2VlIfGvKU-4cRTmZlv5x96,"['Fraude eleitoral', 'Eleição', 'Venezuela', 'Votação', 'Fraude', 'Fotografia', 'Centro De Contagem']"
"Bolsonaro diz, em 2024, ter provas que foi eleito no 1º turno",Aos Fatos,https://www.aosfatos.org/noticias/falso-video-bolsonaro-fraude-eleitoral/,falso,2024-04-29 07:00:00,https://encrypted-tbn3.gstatic.com/images?q=tbn:ANd9GcTJKuMtTj814To6wr0mTs2-wowyGZ3Jgl0jYKxcOO97nHgmHeuk,"['Jair Bolsonaro', 'Eleição', '2024']"
Em 2019 a Globo noticiou que hackers numa convenção em Las Vegas hackearam urnas do modelo brasileiro em poucos minutos,Aos Fatos,https://www.aosfatos.org/noticias/influenciador-portugues-mentira-fraude-eleitoral-brasil-senado/,falso,2024-04-25 07:00:00,https://encrypted-tbn1.gstatic.com/images?q=tbn:ANd9GcQlhoBmW39BM588j_b5lF3yyfKsMmGo4OFSZeM76KCNgfVGZzKi,"['Urna eleitoral', 'Brasil', 'Hacker', 'O Globo', '2019']"
"Bolsonaro teve zero votos em urnas de modelos antigos, que não foram auditadas",Aos Fatos,https://www.aosfatos.org/noticias/influenciador-portugues-mentira-fraude-eleitoral-brasil-senado/,falso,2024-04-25 07:00:00,https://encrypted-tbn1.gstatic.com/images?q=tbn:ANd9GcQlhoBmW39BM588j_b5lF3yyfKsMmGo4OFSZeM76KCNgfVGZzKi,"['Votação', 'Urna eleitoral', 'Jair Bolsonaro']"
"Paulo Pimenta diz que Lula venceu apenas com 39%, revelando fraude eleitoral",Estadão,https://www.estadao.com.br/estadao-verifica/postagens-distorcem-paulo-pimenta-fraude-eleitoral/,Enganoso,2024-02-16 08:00:00,https://encrypted-tbn0.gstatic.com/images?q=tbn:ANd9GcRmcyB2D48JZsxC9QZ8JnenJRqbMocqLNZkolgfrMNlPJ6eNbCq,"['Paulo Pimenta', 'Fraude eleitoral', 'Luiz Inácio Lula da Silva', 'Eleição', 'Fraude']"
"Vídeo mostra cédulas de votos em Javier Milei rasgadas e rasuradas, comprovando fraude eleitoral",Estadão,https://www.estadao.com.br/estadao-verifica/rasgos-nas-margens-de-cedulas-argentinas-nao-invalidam-voto-video-engana-ao-acusar-fraude-eleitoral/,Enganoso,2023-10-26 07:00:00,https://encrypted-tbn1.gstatic.com/images?q=tbn:ANd9GcTjNYo6Oz_I46vlCyTP8hi4vRe6x-v1Y9wvk0Q64AzZN99yP3ud,"['Javier Milei', 'Fraude eleitoral', 'Votação', 'Eleição', 'Cédula eleitoral', 'Fraude', 'Vídeo']"
"Trecho de vídeo, retirado de contexto, em que Ciro Gomes afirma que o “Brasil está na iminência de sofrer a maior fraude eleitoral”. A publicação voltou a circular nas redes sociais no dia 24 de julho, em postagens com a afirmação “Ciro avisou”, sugerindo desconfiança em relação aos resultados do processo eleitoral brasileiro.",Folha - UOL,https://www1.folha.uol.com.br/poder/2023/07/fala-de-ciro-sobre-fraude-na-eleicao-era-critica-a-lula-e-bolsonaro-e-nao-denuncia-contra-sistema-eleitoral.shtml,Enganoso,2023-07-27 07:00:00,https://encrypted-tbn0.gstatic.com/images?q=tbn:ANd9GcRaFn0-kjv8YdoP65Qf4i5leN8iekdNGYtNg4WpFfbXI28ThKUg,"['Ciro Gomes', 'Eleição', 'Fraude eleitoral', 'Fraude', 'Brasil', 'Julho']"
Ciro Gomes já sabia que haveria uma fraude eleitoral,Estadão,https://www.estadao.com.br/estadao-verifica/ciro-gomes-maior-fraude-eleitoral-historia/,Enganoso,2023-07-26 07:00:00,https://encrypted-tbn3.gstatic.com/images?q=tbn:ANd9GcQyWBMM-e5aJ9xWnrbeW6ypFoJwAZm-bAz1y3RaQrRldLaCpS62,"['Ciro Gomes', 'Fraude eleitoral', 'Eleição', 'Fraude']"
Entrevista com cientista política norueguesa Frida Ruzzo sobre fraude eleitoral no Brasil,AFP Checamos,https://checamos.afp.com/doc.afp.com.33PJ2CT,Falso,2023-07-21 07:00:00,https://encrypted-tbn2.gstatic.com/images?q=tbn:ANd9GcQhNH75YhSUgjdMYE_mml_-zPd2En9Ym8EW_eTXB1R2dzNXhlD2,"['Anni-Frid Lyngstad', 'Política', 'Noruega', 'Brasil', 'Eleição', 'Heinrich Ruzzo', 'Entrevista', 'Fraude eleitoral']"
sso é grave. Ministro Cássio Nunes lê texto que revela as fr4ld3s. Explica isso TSE. Urnas adulteradas ou fraudadas,UOL Notícias,https://noticias.uol.com.br/confere/ultimas-noticias/2023/07/14/nunes-marques-nao-apontou-fraude-em-urnas-video-distorce-fala-do-ministro.htm,Distorcido,2023-07-14 07:00:00,https://encrypted-tbn2.gstatic.com/images?q=tbn:ANd9GcRT3qmowjXuVxllKqdJTt3N2vjWz3rREOMchIgVDA6smhKYmrGU,"['Nunes Marques', 'Urna eleitoral', 'Tribunal Superior Eleitoral', 'Ministro', 'Texto']"
Maior número de votos para presidente em Macapá é indício de fraude eleitoral,Aos Fatos,https://www.aosfatos.org/noticias/voto-em-transito-explica-numero-maior-de-eleitores-em-macapa-e-uberaba-mg-nao-fraude/,falso,2022-10-10 07:00:00,https://encrypted-tbn1.gstatic.com/images?q=tbn:ANd9GcRK5o9P74-LTS8Up-Fn7bRlXmewdf5VrLmTYt898lnZOwVxdLZe,"['Votação', 'Eleição', 'Presidente', 'Fraude eleitoral', 'Fraude', 'Macapá', 'Número', 'indício']"
Vídeo mostra fraude nas eleições na França em 2022,Aos Fatos,https://www.aosfatos.org/noticias/video-nao-prova-fraude-eleicoes-franca/,falso,2022-05-18 07:00:00,https://encrypted-tbn0.gstatic.com/images?q=tbn:ANd9GcQeDYVkP1aX_dyvS_OH8j1yt3kDbHy1eEH9U1rwAS5P5vm-leeh,"['Fraude', 'Eleições na França', 'França', 'Eleição', '2022', 'Vídeo']"
Não é possível fazer denúncia de crime eleitoral contra o PT no aplicativo Pardal do TSE,AFP Checamos,https://checamos.afp.com/doc.afp.com.32M82DN,Falso,2022-10-26 07:00:00,https://encrypted-tbn3.gstatic.com/images?q=tbn:ANd9GcSdH8vZtNVL-HXmLrShGlrQT7ZWsB6qHazWZjYKcqGu2psGTcrF,"['Partido dos Trabalhadores', 'Partido dos Trabalhadores', 'Tribunal Superior Eleitoral', 'Pardal', 'Denúncia', 'Eleição', 'Fraude eleitoral']"
Denúncia de irregularidades em cadastro de eleitores em Detroit aponta fraudes eleitorais na cidade,Aos Fatos,https://www.aosfatos.org/noticias/denuncia-de-irregularidades-em-cadastro-de-eleitores-em-detroit-e-de-2019-e-nao-cita-fraude/,falso,2020-11-06 08:00:00,https://encrypted-tbn1.gstatic.com/images?q=tbn:ANd9GcTYlnMcJqdga0uf-kqstwgan48oG7uUGQR-2y8R8CBudOjxJ1FZ,"['Fraude eleitoral', 'Fraude', 'Denúncia', 'Eleição', 'Detroit']"
Estabilidade das porcentagens de votos durante apuração em São Paulo é indício de fraude eleitoral.,Aos Fatos,https://www.aosfatos.org/noticias/estabilidade-dos-resultados-parciais-em-sao-paulo-nao-indica-que-houve-fraude-eleitoral/,falso,2020-11-17 08:00:00,https://encrypted-tbn2.gstatic.com/images?q=tbn:ANd9GcRWT7Emr6J2mAmG_f3YERKVtCXPOSUxjgCNElegTYzGgsZtXV3T,"['Fraude eleitoral', 'Fraude', 'Eleição', 'Votação', 'São Paulo', 'indício', 'Porcentagem']"
Títulos de eleitor encontrados no lixo reciclável no Ceará provam fraude eleitoral no estado.,Aos Fatos,https://www.aosfatos.org/noticias/falso-titulos-eleitor-lixo-provam-fraude/,falso,2022-11-21 08:00:00,https://encrypted-tbn3.gstatic.com/images?q=tbn:ANd9GcTgLPihgnpn8FKY-4fb0EO4KDF8hOwO1_Ut7_IiQ1wtHhHcv9R8,"['Fraude eleitoral', 'Título de eleitor', 'Eleitor', 'Eleição', 'Fraude', 'Resíduo sólido', 'Reciclagem']"
Fraude eleitoral nos Estados Unidos com base nos gráficos de Michigan e Wisconsin.,AFP Checamos,https://checamos.afp.com/o-aumento-repentino-de-votos-para-joe-biden-em-michigan-e-wisconsin-nao-e-uma-fraude,Falso,2020-11-10 08:00:00,https://encrypted-tbn2.gstatic.com/images?q=tbn:ANd9GcTZ4_KJU6lelZbvW0gYsYJkZYHPqv5hkJ2GAye5aP8w2IyqNQzK,"['Wisconsin', 'Eleição', 'Fraude eleitoral', 'Michigan', 'Estados Unidos', 'Fraude']"
Documentos falsos vindos da China e apreendidos em Chicago serviriam para fraude eleitoral,Aos Fatos,https://www.aosfatos.org/noticias/documentos-falsos-apreendidos-nos-eua-nao-tem-eleicao-como-alvo/,falso,2020-08-17 07:00:00,https://encrypted-tbn0.gstatic.com/images?q=tbn:ANd9GcSsEh8lFPLQfqlD_ML_dTWzL0Z-FpioDnIe7CnpuKYtWssy7GUZ,"['Fraude eleitoral', 'Eleição', 'Documento', 'China', 'Fraude', 'Chicago']"
"""Casal encontrou registo de votos na rua que comprova fraude nas eleições do Brasil"".",Observador,https://observador.pt/factchecks/fact-check-registo-de-votos-encontrado-na-rua-prova-fraude-nas-eleicoes-brasileiras/,Errado,2022-11-27 08:00:00,https://encrypted-tbn3.gstatic.com/images?q=tbn:ANd9GcSPoSTekUtgc_77fQoKLZVgRXrfRC2VlIfGvKU-4cRTmZlv5x96,"['Fraude', 'Eleição', 'Votação', 'Eleições no Brasil', 'Brasil']"
Alexandre de Moraes confessou que houve fraude nas eleições,Aos Fatos,https://www.aosfatos.org/noticias/falso-moraes-houve-fraude-eleicoes-2022/,falso,2023-06-12 07:00:00,https://encrypted-tbn0.gstatic.com/images?q=tbn:ANd9GcQYbvbb_dTnas1o4KXrQ55tQJBJjeNf1lvwNKfJQRdHom2LNq76,"['Alexandre de Moraes', 'Fraude', 'Eleição']"
a fraude eleitoral casada com a fraude jornalística. 562 mil votos magicamente desviados de Donald Trump para Joe Biden e a imprensa cala! E ainda se arvoram em donos da verdade!,O GLOBO,https://oglobo.globo.com/fato-ou-fake/e-fake-que-mais-de-500-mil-votos-em-trump-tenham-sido-desviados-para-biden-na-eleicao-dos-eua-1-24745018,Fake,2020-11-13 08:00:00,https://encrypted-tbn2.gstatic.com/images?q=tbn:ANd9GcRqpt-9nDoq7iV7sig-BgZvnOblbGEK-57LoRMvg7zch04a4z0h,"['Eleição', 'Joe Biden', 'Donald Trump', 'Votação', 'Fraude eleitoral', 'Imprensa', 'Fraude jornalística', 'Fraude', 'Jornalismo']"
"Seções eleitorais com 1,5 mil eleitores é indicativo de fraude eleitoral",Projeto Comprova,https://projetocomprova.com.br/publica%C3%A7%C3%B5es/e-falso-que-existam-urnas-com-15-mil-eleitores-ao-contrario-do-que-alega-deputado/,Falso,2022-11-21 08:00:00,https://encrypted-tbn1.gstatic.com/images?q=tbn:ANd9GcQ3hRFVh_VVT-xKXypPC-EAtGmnjR_W7uIT1ewPnmlcVi6W2kp0,"['Eleição', 'Fraude eleitoral', 'Fraude']"
"""Fraude explícita. O TSE [Tribunal Superior Eleitoral do Brasil] cometeu uma ""falha"" e acabou a mostrar a vitória de Bolsonaro com 55% dos votos.""",Observador,https://observador.pt/factchecks/fact-check-video-que-mostra-bolsonaro-com-55-de-votos-prova-que-houve-fraude-nas-eleicoes-presidencais-brasileiras/,Errado,2023-04-27 07:00:00,https://encrypted-tbn3.gstatic.com/images?q=tbn:ANd9GcSPoSTekUtgc_77fQoKLZVgRXrfRC2VlIfGvKU-4cRTmZlv5x96,"['Jair Bolsonaro', 'Eleição', 'Votação', 'Tribunal Superior Eleitoral', 'Fraude', 'Brasil', '1955', 'Tribunal']"
Bolsonaro se envolveu em fraude eleitoral,UOL Notícias,https://noticias.uol.com.br/comprova/ultimas-noticias/2020/11/28/bolsonaro-nao-se-beneficiou-de-fraude-eleitoral-em-1994.htm,Enganoso,2020-11-28 08:00:00,https://encrypted-tbn2.gstatic.com/images?q=tbn:ANd9GcTUeuSoib7alLL7FfRE3dW_z2Ov9e6pZ7k0iZ34FgGcoJFumEKx,"['Jair Bolsonaro', 'Fraude eleitoral', 'Fraude', 'Eleição']"
Urna com 100% dos votos válidos em Lula prova que houve fraude eleitoral,Aos Fatos,https://www.aosfatos.org/noticias/urna-todos-votos-lula-nao-prova-fraude/,não_é_bem_assim,2022-11-02 07:00:00,https://encrypted-tbn0.gstatic.com/images?q=tbn:ANd9GcSmvdUEjqriQDXGOXddwp_cX0Yw3dB6UAgEOBnk8FgFRSZiYIoo,"['Luiz Inácio Lula da Silva', 'Fraude eleitoral', 'Votação', 'Urna eleitoral', 'Eleição', 'Voto válido', 'Fraude']"
"Atenção, não fotografem seu comprovante de voto. Isso é crime eleitoral!",Aos Fatos,https://www.aosfatos.org/noticias/nao-e-crime-eleitoral-fotografar-comprovante-de-votacao/,falso,2018-10-28 07:00:00,,"['Fraude eleitoral', 'Votação', 'Eleição']"
Jovem Pan noticiou que presidente da Holanda confirmou fraude eleitoral no Brasil,AFP Checamos,https://checamos.afp.com/doc.afp.com.32NT62R,Falso,2022-11-17 08:00:00,https://encrypted-tbn2.gstatic.com/images?q=tbn:ANd9GcRGSk-FpSw1PgpFhLi1zy5bb01UVxoC_in74z4xBeJ4TlmUNpba,"['Fraude eleitoral', 'Eleição', 'Brasil', 'Jovem Pan', 'Presidente', 'Países Baixos', 'Fraude']"
Servidor exonerado por Alexandre de Moraes denuncia fraude eleitoral em vídeo,Aos Fatos,https://www.aosfatos.org/noticias/falso-fraude-servidor-exonerado-do-tse/,falso,2022-11-24 08:00:00,https://encrypted-tbn3.gstatic.com/images?q=tbn:ANd9GcQDOrHWFF7tVrV28hu1bGY7fQGUWE3uOmmJthCffFvVJ5aDfxkj,"['Fraude', 'Exoneração', 'Denúncia', 'Eleição', 'Alexandre de Moraes', 'Vídeo', 'Fraude eleitoral']"
Seções nas quais Bolsonaro obteve zero votos provam que houve fraude eleitoral,AFP Checamos,https://checamos.afp.com/doc.afp.com.32N89VB,Falso,2022-11-09 08:00:00,,"['Jair Bolsonaro', 'Eleição', 'Votação', 'Fraude eleitoral']"
Vídeo mostra fraude eleitoral em Minas Gerais,Aos Fatos,https://www.aosfatos.org/noticias/boletins-de-urna-mostrados-em-video-nao-sao-de-mg-nem-provam-fraude/,falso,2022-10-10 07:00:00,https://encrypted-tbn1.gstatic.com/images?q=tbn:ANd9GcSmV-2EDni1OiKxYAX_8D5xWE1A1Z_mnWBpgeIlhxbkNUVEOlUO,"['Fraude', 'Fraude eleitoral', 'Eleição', 'Vídeo', 'Minas Gerais']"
"Em ofício, ministro da Defesa dá 72 horas para Alexandre de Moraes explicar fraude eleitoral",Aos Fatos,https://www.aosfatos.org/noticias/stm-e-defesa-nao-provaram-fraude-eleitoral-nem-intimaram-moraes/,falso,2022-11-04 07:00:00,https://encrypted-tbn2.gstatic.com/images?q=tbn:ANd9GcQY6mSUpGKHEjixCoLQ77vtXyCKKJq91pGNM5MNOtv2ydAkvJLA,"['Fraude eleitoral', 'Fraude', 'Alexandre de Moraes', 'Eleição', 'Ministro', 'Ministério da Defesa']"
Foto mostra operação do FBI contra fraudes eleitorais em Wisconsin e Michigan,Aos Fatos,https://www.aosfatos.org/noticias/foto-em-que-agentes-do-fbi-carregam-caixas-com-documentos-e-de-2019-nao-atual/,falso,2020-11-05 08:00:00,https://encrypted-tbn1.gstatic.com/images?q=tbn:ANd9GcQjx3tuJ83qMiOIFVPWev524qoDq_hAq3nZuvmr-6ieaVk6X3Af,"['Federal Bureau of Investigation', 'Eleição', 'Fraude eleitoral', 'Fraude', 'Fotografia', 'Wisconsin']"
"Publicação no TikTok que reproduzia trecho de live do deputado federal Coronel Tadeu (PL-SP) junto com o empresário argentino Fernando Cerimedo em que eles afirmavam existir seções eleitorais com 1,5 mil eleitores, o que seria indicativo de fraude eleitoral. No vídeo, eles alegam que, como o tempo médio de votação de um eleitor no primeiro turno era de um minuto e as seções eleitorais ficam abertas por 540 minutos (9 horas, das 8h às 17h), não seria possível haver seções eleitorais que tivessem mais de 540 eleitores. “Se uma pessoa leva um minuto para votar, só pode no máximo 540”. “Você tem 9h de votação, 540 min. Se ele encontrou 1.500 votos em uma urna que só podia ter 540 significa que cada pessoa votou em 20 segundos”. “É sinal de que votos foram inseridos na urna”, concluem.",Folha - UOL,https://www1.folha.uol.com.br/poder/2022/11/e-falso-que-existam-urnas-com-15-mil-eleitores-ao-contrario-do-que-alega-deputado.shtml,Falso,2022-11-22 08:00:00,https://encrypted-tbn2.gstatic.com/images?q=tbn:ANd9GcSp21LRkXWJyGKik8wmpQWhZD2T9e7GXYIHXKTCAlYorY5cKntZ,"['Deputado', 'Eleição', 'Urna eleitoral', 'Coronel Tadeu', 'Deputado Federal do Brasil', 'Fraude eleitoral']"
"""Instituto Alemão Gefälschte Nachrichten afirma que houve fraude nas eleições do Brasil.""",Observador,https://observador.pt/factchecks/fact-check-instituto-alemao-diz-que-houve-fraude-nas-eleicoes-brasileiras/,Errado,2022-11-23 08:00:00,https://encrypted-tbn3.gstatic.com/images?q=tbn:ANd9GcSPoSTekUtgc_77fQoKLZVgRXrfRC2VlIfGvKU-4cRTmZlv5x96,"['Eleição', 'Fraude', 'Brasil', 'Notícia', 'Alemanha', 'Eleições no Brasil']"
Polícia Federal encontrou urnas já com votos registrados,Aos Fatos,https://www.aosfatos.org/noticias/e-falso-que-policia-federal-identificou-urnas-com-votos-ja-registrados-em-brasilia/,falso,2022-10-01 07:00:00,https://encrypted-tbn1.gstatic.com/images?q=tbn:ANd9GcSB3qyqYEvR6LFi-XnsCKBebEtcF010YOBAPgrAwn3pATD-eNYZ,"['Departamento de Polícia Federal', 'Polícia Federal', 'Urna eleitoral', 'Votação']"
"Indígenas protestam contra ""fraude eleitoral"" nas eleições presidenciais de 2022",AFP Checamos,https://checamos.afp.com/doc.afp.com.32NC8LU,Falso,2022-11-11 08:00:00,https://encrypted-tbn2.gstatic.com/images?q=tbn:ANd9GcS28kjMeKXe5RemTN08WSn_tg1pAKo5xPhcyYagVaVoE544S77Q,"['Indígenas', 'Eleição', 'Eleições presidenciais brasileiras, 2022', 'Presidente', '2022', 'Fraude eleitoral', 'Eleições presidenciais', 'Fraude']"
Eleições com urna eletrônica não são limpas,UOL Notícias,https://noticias.uol.com.br/confere/ultimas-noticias/2021/07/08/eleicoes-brasil-fraude.htm,Falso,2021-07-08 07:00:00,https://encrypted-tbn1.gstatic.com/images?q=tbn:ANd9GcTFsSJtmz6PKZgl-QzjoQ330n59c0cz_7Lotx_JmyYKMW33klmz,"['Eleição', 'Urna eleitoral', 'Máquina de votação', 'Eletrônica']"
Jair Bolsonaro foi beneficiado por votos fraudados nas Eleições de 1994,Aos Fatos,https://www.aosfatos.org/noticias/posts-omitem-informacoes-ao-relacionar-bolsonaro-fraude-em-cedulas-eleitorais-em-1994/,distorcido,2021-01-14 08:00:00,https://encrypted-tbn0.gstatic.com/images?q=tbn:ANd9GcTTT7vwXrCpqBSIBAVGKbRlSwXD2Tqp9HIk_fjTzZ2VgC0X38OL,"['Jair Bolsonaro', 'Votação', 'Eleição', 'Eleições gerais no Brasil em 1994', '1994']"
"""URGENTE: A invasão hacker do TSE revela a fraude nas urnas com a chancela da justiça eleitoral. Os votos válidos e os de quem justifica estão em banco de dados diferentes. Eles podem descarregar os votos de quem vai justificar na esquerda""",Observador,https://observador.pt/factchecks/fact-check-hacker-portugues-que-fez-ataque-informatico-a-tribunal-brasileiro-revelou-fraude-nas-eleicoes/,Errado,2020-11-22 08:00:00,https://encrypted-tbn3.gstatic.com/images?q=tbn:ANd9GcSPoSTekUtgc_77fQoKLZVgRXrfRC2VlIfGvKU-4cRTmZlv5x96,"['Hacker', 'Fraude nas urnas eletrônicas', 'Eleição', 'Tribunal Superior Eleitoral', 'Votação', 'Urna eleitoral', 'Dados', 'Voto válido']"
"""O General Benjamin Arrola acaba de receber um relatório oficial da consultoria norte-americana Power Guidão. Ficou constatada a fraude nas urnas e será comprovado em breve pelo porta-voz das forças armadas, Alan Berrola.""",Observador,https://observador.pt/factchecks/fact-check-oficiais-das-forcas-armadas-receberam-informacoes-que-comprovam-fraude-nas-eleicoes-brasileiras/,Errado,2022-11-29 08:00:00,https://encrypted-tbn0.gstatic.com/images?q=tbn:ANd9GcR4BmXfQ1bI3cc97uLr0fVhytjccNsiqGkkw9VN7aT9f_giHA9k,"['Fraude', 'Fraude nas urnas eletrônicas', 'Forças armadas', 'Oficial', 'Porta-voz', 'Urna eleitoral', 'Relatório', 'Estados Unidos', 'Guidão']"
Manifestação contra as fraudes eleitorais nos Estados Unidos.,Aos Fatos,https://www.aosfatos.org/noticias/fotos-nao-mostram-ato-pro-trump-mas-protesto-em-2018-por-controle-de-armas-nos-eua/,falso,2021-01-07 08:00:00,https://encrypted-tbn0.gstatic.com/images?q=tbn:ANd9GcQsImVmRd80NduW0VrccxI8TZgjdvOFpfuVRu7qEtA8QEEUUwwT,"['Estados Unidos', 'Manifestação', 'Fraude eleitoral', 'Eleição', 'Fraude']"
Alguma vez em toda a história da humanidade vocês viram uma eleição mais escandalosamente fraudulenta igual a essa dos Estados Unidos?,Observador,https://observador.pt/factchecks/fact-check-ha-provas-de-fraude-generalizada-nas-eleicoes-presidenciais-dos-eua/,Errado,2020-12-01 08:00:00,https://encrypted-tbn3.gstatic.com/images?q=tbn:ANd9GcSPoSTekUtgc_77fQoKLZVgRXrfRC2VlIfGvKU-4cRTmZlv5x96,"['Eleição', 'Estados Unidos', 'História da humanidade', 'História']"
Fraude nas urnas.,Aos Fatos,https://www.aosfatos.org/noticias/video-nao-mostra-fraude-mas-defeito-em-urna-que-foi-substituida-em-petropolis-rj/,não_é_bem_assim,2022-10-04 07:00:00,https://encrypted-tbn3.gstatic.com/images?q=tbn:ANd9GcTEw9vsEqFgw9eCbgPiPNrvDlutBN2ae-agfrvAThnOo5lR2dUB,"['Urna eleitoral', 'Fraude nas urnas eletrônicas']"
Globo admitiu chance de fraude nas urnas em reportagem sobre quadrilha de golpistas,Aos Fatos,https://www.aosfatos.org/noticias/e-falso-que-globo-admitiu-em-reportagem-que-urnas-eletronicas-podem-ser-fraudadas/,falso,2021-08-31 07:00:00,https://encrypted-tbn2.gstatic.com/images?q=tbn:ANd9GcQ4Qnao0QVionf0nAp5AZOrBZhUHOgttV_lQEq4ka6I7c3kSdxj,"['Fraude nas urnas eletrônicas', 'Reportagem', 'Urna eleitoral', 'TV Globo', 'Quadrilha', 'Fraude']"
Matéria publicada nos EUA mostra que houve fraude nas eleições do Brasil e que Bolsonaro é o verdadeiro eleito,Estadão,https://www.estadao.com.br/estadao-verifica/analise-estados-unidos-fraude-eleicoes-brasileiras/,Falso,2023-02-25 08:00:00,https://encrypted-tbn0.gstatic.com/images?q=tbn:ANd9GcRtnpTArrXVknBIQL0ZD_HlD_zCCF5QprRZMRie8Y6zgaqe90JK,"['Eleição', 'Estados Unidos', 'Fraude', 'Brasil', 'Jair Bolsonaro', 'Eleições no Brasil', 'Matéria']"
"""Palocci afirmou que eleições eram decididas pela cúpula. Urnas foram encomendadas para fraudar eleições.""",Observador,https://observador.pt/factchecks/fact-check-ex-ministro-de-lula-admitiu-fraude-nas-eleicoes-no-brasil/,Errado,2020-12-14 08:00:00,https://encrypted-tbn3.gstatic.com/images?q=tbn:ANd9GcSPoSTekUtgc_77fQoKLZVgRXrfRC2VlIfGvKU-4cRTmZlv5x96,"['Antonio Palocci', 'Eleição', 'Fraude', 'Urna eleitoral']"
Antonio Palocci disse que urnas eletrônicas são fraudáveis,Aos Fatos,https://www.aosfatos.org/noticias/palocci-nao-disse-ser-possivel-fraudar-urna-eletronica/,falso,2020-11-24 08:00:00,https://encrypted-tbn0.gstatic.com/images?q=tbn:ANd9GcRD5-Ol9nMP2nkU8j6kZLhojGZDbw3uxNgKVDdfJs38WHJ7itDx,"['Antonio Palocci', 'Urna eleitoral', 'Urna eletrônica']"
Ciro Gomes disse que haverá fraudes nas eleições de 2022,AFP Checamos,https://checamos.afp.com/doc.afp.com.32KB9HU,Falso,2022-09-28 07:00:00,https://encrypted-tbn1.gstatic.com/images?q=tbn:ANd9GcRSwoFcbQiY0IrMscKL3E2GYy2_ENtjwPuQ8inU67H43h-ykXER,"['Ciro Gomes', 'Eleição', '2022', 'Eleições presidenciais brasileiras, 2022', 'Fraude']"
"Com 0,39% das urnas apuradas [nas eleições municipais de São Paulo], o sistema travou. (...) Quando o sistema voltou a funcionar lá na frente, já com quase 100% [do resultado eleitoral] apurado, a ordem dos candidatos permaneceu exatamente a mesma.",Aos Fatos,https://www.aosfatos.org/noticias/bolsonaro-promete-provas-de-fraude-mas-apresenta-alegacoes-ja-desmentidas-sobre-urnas-eletronicas/,falso,2021-07-29 07:00:00,,"['Urna eleitoral', 'Eleição', 'Eleições municipais no Brasil', 'Candidato', 'Sistema', 'São Paulo', 'Resultado']"
"Em 4 horas de apuração [do segundo turno das eleições de 2014], 240 minutos [Dilma e Aécio se intercalaram na primeira posição], 240 vezes",Aos Fatos,https://www.aosfatos.org/noticias/bolsonaro-promete-provas-de-fraude-mas-apresenta-alegacoes-ja-desmentidas-sobre-urnas-eletronicas/,falso,2021-07-29 07:00:00,,"['Eleição', 'Posição', 'Dilma Rousseff', 'Aécio Neves', 'Eleições gerais no Brasil em 2014', '2014']"
"Mas a tecnologia da mesma [urna eletrônica], a sua segurança, quase nada mudou de lá [dos anos 1990] para cá.",Aos Fatos,https://www.aosfatos.org/noticias/bolsonaro-promete-provas-de-fraude-mas-apresenta-alegacoes-ja-desmentidas-sobre-urnas-eletronicas/,falso,2021-07-29 07:00:00,,"['Urna eleitoral', '1990', 'Tecnologia', 'Máquina de votação', 'Eletrônica']"
"Agora, quem não quer mudar o sistema é porque tem certeza que o voto não auditável servirá para eleger quem não tem voto",Aos Fatos,https://www.aosfatos.org/noticias/bolsonaro-promete-provas-de-fraude-mas-apresenta-alegacoes-ja-desmentidas-sobre-urnas-eletronicas/,falso,2021-07-29 07:00:00,,"['Votação', 'Sistema']"
"Eleitores colocavam 17 na urna e aparecia nulo ou automaticamente 13. E quem queria votar 13, não aparecia 17 nem nulo",Aos Fatos,https://www.aosfatos.org/noticias/bolsonaro-promete-provas-de-fraude-mas-apresenta-alegacoes-ja-desmentidas-sobre-urnas-eletronicas/,falso,2021-07-29 07:00:00,,"['Urna eleitoral', 'Eleição', 'Votação', 'Voto nulo']"
Seção em Sete Lagoas (MG) registrou 40 votos a mais do que eleitores,Aos Fatos,https://www.aosfatos.org/noticias/e-mentira-que-secao-em-sete-lagoas-mg-registrou-mais-votos-do-que-eleitores/,falso,2022-10-06 07:00:00,https://encrypted-tbn0.gstatic.com/images?q=tbn:ANd9GcQ8ge0ZlCI2ITPpFzcweS9hpgUAf1oMJdj_lKZgytbqreMcbn3W,"['Votação', 'Eleição', 'Sete Lagoas', 'Minas Gerais']"
Vídeo mostra urna anulando voto em Bolsonaro,Aos Fatos,https://www.aosfatos.org/noticias/posts-usam-videos-ja-desmentidos-ao-sustentar-que-eleicoes-sao-fraudadas/,falso,2021-08-25 07:00:00,https://encrypted-tbn2.gstatic.com/images?q=tbn:ANd9GcQJtHzlcUJ52rqQBRm14-0bKGmPrvvuwuRVmYNWA_joAGZCqMTP,"['Votação', 'Urna eleitoral', 'Jair Bolsonaro', 'Vídeo']"
Barroso disse que há risco de fraude no sistema eleitoral brasileiro,Aos Fatos,https://www.aosfatos.org/noticias/posts-usam-videos-ja-desmentidos-ao-sustentar-que-eleicoes-sao-fraudadas/,falso,2021-08-25 07:00:00,https://encrypted-tbn2.gstatic.com/images?q=tbn:ANd9GcQJtHzlcUJ52rqQBRm14-0bKGmPrvvuwuRVmYNWA_joAGZCqMTP,"['Eleição', 'Sistema eleitoral do Brasil', 'Luís Roberto Barroso', 'Fraude']"
Vídeo mostra material do mesário jogado na rua,Aos Fatos,https://www.aosfatos.org/noticias/posts-usam-videos-ja-desmentidos-ao-sustentar-que-eleicoes-sao-fraudadas/,falso,2021-08-25 07:00:00,https://encrypted-tbn2.gstatic.com/images?q=tbn:ANd9GcQJtHzlcUJ52rqQBRm14-0bKGmPrvvuwuRVmYNWA_joAGZCqMTP,"['Mesário', 'Vídeo', 'Amostra']"
Urnas autocompletavam o voto em Fernando Haddad,Aos Fatos,https://www.aosfatos.org/noticias/posts-usam-videos-ja-desmentidos-ao-sustentar-que-eleicoes-sao-fraudadas/,falso,2021-08-25 07:00:00,https://encrypted-tbn2.gstatic.com/images?q=tbn:ANd9GcQJtHzlcUJ52rqQBRm14-0bKGmPrvvuwuRVmYNWA_joAGZCqMTP,"['Votação', 'Urna eleitoral', 'Fernando Haddad']"
"Reportagem mostra fraude nas urnas eletrônicas de Caxias, no Maranhão",Aos Fatos,https://www.aosfatos.org/noticias/denuncia-de-fraude-em-urna-eletronica-no-ma-e-antiga-e-nao-foi-comprovada-pela-pf/,distorcido,2021-07-28 07:00:00,https://encrypted-tbn1.gstatic.com/images?q=tbn:ANd9GcSMcVAEmyKg6QgHmbelXFYGJvYk9wqUSuu1vlDPy8rdchnRX5pT,"['Urna eletrônica', 'Fraude nas urnas eletrônicas', 'Fraude', 'Caxias', 'Maranhão', 'Reportagem']"
Demonstração mostra possíveis fraudes em urnas eletrônicas,Aos Fatos,https://www.aosfatos.org/noticias/video-mostra-simulacao-de-fraude-em-urna-diferente-da-usada-no-brasil/,não_é_bem_assim,2022-08-01 07:00:00,https://encrypted-tbn3.gstatic.com/images?q=tbn:ANd9GcSpuOxiCatoIXSwnB1M-DkcGj2nq0Yx83R3XFIWr7kfTQzK0AkQ,"['Urna eletrônica', 'Fraude']"
STM dá 72 horas para Alexandre de Moraes explicar fraude eleitoral,Aos Fatos,https://www.aosfatos.org/noticias/stm-e-defesa-nao-provaram-fraude-eleitoral-nem-intimaram-moraes/,falso,2022-11-04 07:00:00,https://encrypted-tbn2.gstatic.com/images?q=tbn:ANd9GcQY6mSUpGKHEjixCoLQ77vtXyCKKJq91pGNM5MNOtv2ydAkvJLA,"['Fraude eleitoral', 'Superior Tribunal Militar', 'Fraude', 'Alexandre de Moraes', 'Eleição']"
Vídeo mostra passo a passo para fraudar urna eletrônica,Aos Fatos,https://www.aosfatos.org/noticias/procedimento-mostrado-em-video-nao-e-capaz-de-fraudar-urnas-eletronicas-do-tse/,falso,2020-11-18 08:00:00,,"['Urna eleitoral', 'Fraude', 'Fraude nas urnas eletrônicas', 'Máquina de votação', 'Vídeo', 'Eletrônica']"
Presidente Bolsonaro tem provas sobre a insegurança das urnas eletrônicas. Hacker teve acesso ao código-fonte das urnas e milhares ou milhões de votos foram adulterados em 2018,Projeto Comprova,https://projetocomprova.com.br/publica%C3%A7%C3%B5es/inquerito-da-pf-nao-investiga-fraude-no-processo-de-votacao/,"ENGANOSO: A PF não concluiu que houve invasão às urnas ou fraude no sistema de votação. O ataque hacker ao TSE só atingiu o sistema interno do Tribunal, sem comprometer as eleições.",2021-08-13 07:00:00,https://encrypted-tbn0.gstatic.com/images?q=tbn:ANd9GcQUZogZJ7Vm0eEN3xwtDJ6jGL3uy43PWrCfptLKkccB0m8uDYlz,"['Votação', 'Jair Bolsonaro', 'Urna eleitoral', 'Presidente', 'Urna eletrônica', '2018', 'Código-fonte', 'Hacker', 'Eletrônica', 'Prova']"
O presidente Jair Bolsonaro declarou ter provas de que a eleição de 2018 foi fraudada,UOL Notícias,https://noticias.uol.com.br/confere/ultimas-noticias/2021/03/11/bolsonaro-fraude-eleicao-2018-provas-lei-acesso.htm,Falso,2021-03-11 08:00:00,https://encrypted-tbn0.gstatic.com/images?q=tbn:ANd9GcQZfKPZSuuSJSxYC6CqLOIgBmoqVIp7bHN3F1miTYO9Itgx-bx6,"['Jair Bolsonaro', 'Fraude', 'Eleição', 'Presidente', '2018', 'Eleições presidenciais brasileiras, 2018']"
TSE pode ser pego por fraude em terceirizações,Estadão,https://www.estadao.com.br/estadao-verifica/video-engana-ao-sugerir-fraude-em-terceirizacao-de-servicos-da-justica-eleitoral/,Enganoso,2023-06-22 07:00:00,https://encrypted-tbn0.gstatic.com/images?q=tbn:ANd9GcS20YHUe82in0dCjNsBK1EZ1fE1c7yBykBJTSAT379J8Noqbsvb,"['Fraude', 'Tribunal Superior Eleitoral', 'Terceirização']"
Diretor da OEA assume fraude para beneficiar o PT,Aos Fatos,https://www.aosfatos.org/noticias/diretor-da-oea-nao-identificou-fraude-nas-urnas-eletronicas-capas-de-revistas-sao-falsas/,falso,2018-09-27 07:00:00,,"['Fraude', 'Organização dos Estados Americanos', 'Diretor executivo']"
Lamentável! Domingo 20 novembro Urnas eletrônicas sendo carregadas. Pra onde? Só Deus e Lex Luthor sabe,UOL Notícias,https://noticias.uol.com.br/confere/ultimas-noticias/2022/11/22/video-engana-ao-associar-tirada-de-urnas-de-predio-em-sp-a-fraude-eleitoral.htm,Insustentável,2022-11-22 08:00:00,https://encrypted-tbn1.gstatic.com/images?q=tbn:ANd9GcTvcrbwgys5ZHCKjzlo1WAT7MXAW-B4G_u3Du7dRms2y4SR13fI,"['Urna eleitoral', 'Urna eletrônica', 'Novembro', '20 de novembro', 'Deus', 'Lex Luthor']"
Título de eleitor de maiores de 70 anos está sendo cancelado,UOL Notícias,https://noticias.uol.com.br/confere/ultimas-noticias/2022/04/08/titulo-de-eleitor-urnas-biometria-desmentimos-4-fakes-sobre-eleicoes.htm,Falso,2022-04-08 07:00:00,https://encrypted-tbn2.gstatic.com/images?q=tbn:ANd9GcRTmbCnkQQS0E8xp228eZFwEdBBBNVCXC6caRwBM8BZKVmOzzsR,"['Título de eleitor', 'Ano']"
Marca d'água em cédulas prova fraude de democratas contra Trump em eleição dos EUA,Aos Fatos,https://www.aosfatos.org/noticias/e-falso-que-marcas-dagua-nas-cedulas-de-votacao-evidenciaram-fraude-eleitoral-nos-eua/,falso,2020-11-06 08:00:00,https://encrypted-tbn0.gstatic.com/images?q=tbn:ANd9GcRfew9F0c0a-HwfzI1PIrDCF8xPIZzNjeup4RY52iNDsUlYtnNK,"['Estados Unidos', 'Eleição', 'Partido Democrata', 'Donald Trump', 'Fraude', 'Cédula eleitoral', ""Marca d'água""]"
Estabilidade de percentuais de voto prova fraude na eleição para prefeito de São Paulo no Brasil,AFP Checamos,https://checamos.afp.com/estabilidade-de-percentual-de-votos-em-sao-paulo-nao-prova-fraude-eleitoral,Falso,2020-11-17 08:00:00,https://encrypted-tbn3.gstatic.com/images?q=tbn:ANd9GcRLTCjXSom_DID7DedQdsfxx3Svb6PU3Sgy3g1mk4MWb54Q3sUm,"['Eleição', 'Votação', 'Fraude', 'São Paulo', 'Primátor', 'Brasil', 'Prefeito de São Paulo']"
STM cobra explicações de Moraes após fraude constatada pelo Exército,UOL Notícias,https://noticias.uol.com.br/confere/ultimas-noticias/2022/11/03/stm-fraude-moraes-falso.htm,Falso,2022-11-03 07:00:00,https://encrypted-tbn0.gstatic.com/images?q=tbn:ANd9GcRxl9eThwQ7aYab_1T18HUi_cGYME9iRg8g1t2a9DJyy3BtXkHj,"['Alexandre de Moraes', 'Fraude', 'Superior Tribunal Militar', 'Exército']"
Maior número de votos para presidente em Uberaba é indício de fraude eleitoral,Aos Fatos,https://www.aosfatos.org/noticias/voto-em-transito-explica-numero-maior-de-eleitores-em-macapa-e-uberaba-mg-nao-fraude/,falso,2022-10-10 07:00:00,https://encrypted-tbn1.gstatic.com/images?q=tbn:ANd9GcRK5o9P74-LTS8Up-Fn7bRlXmewdf5VrLmTYt898lnZOwVxdLZe,"['Votação', 'Eleição', 'Presidente', 'Fraude eleitoral', 'Fraude', 'Uberaba', 'Número', 'indício']"
Urgente! Ciro Gomes diz: ?País sofrerá a maior fraude eleitoral da História?,UOL Notícias,https://noticias.uol.com.br/confere/ultimas-noticias/2022/10/03/fala-de-ciro-gomes-e-tirada-de-contexto-para-alegar-fraude-nas-urnas.htm,Insustentável,2022-10-03 07:00:00,https://encrypted-tbn2.gstatic.com/images?q=tbn:ANd9GcQnzi-Z8sZMrcvfKNdajzenkGmd2rn6VmD8WThzWsfsVBhyWaZr,"['Ciro Gomes', 'Fraude', 'Fraude eleitoral', 'Eleição', 'História', 'País']"
